test_index,Target
6557,0.33121297
6558,0.40424168
6559,0.4763028
6560,0.4825707
6561,0.48011696
6562,0.47923735
6563,0.46823484
6564,0.46132964
6565,0.4541152
6566,0.4522828
6567,0.45351946
6568,0.46668154
6569,0.47027862
6570,0.48250702
6571,0.48413134
6572,0.48918343
6573,0.4955235
6574,0.4971255
6575,0.49477348
6576,0.4873565
6577,0.49254024
6578,0.48405182
6579,0.48018816
6580,0.47403014
6581,0.4753172
6582,0.47410664
6583,0.47572255
6584,0.48348382
6585,0.48250756
6586,0.4851962
6587,0.48866686
6588,0.4889316
6589,0.4825719
6590,0.485775
6591,0.48956448
6592,0.49650514
6593,0.49246532
6594,0.48211026
6595,0.4781828
6596,0.47716457
6597,0.48426843
6598,0.4843523
6599,0.48426262
6600,0.4850055
6601,0.48513138
6602,0.48829305
6603,0.4847792
6604,0.49058592
6605,0.49045998
6606,0.49248493
6607,0.49184138
6608,0.49032927
6609,0.4957279
6610,0.49496853
6611,0.48955095
6612,0.48797345
6613,0.4945515
6614,0.4989776
6615,0.5031284
6616,0.5029815
6617,0.5032242
6618,0.5033058
6619,0.505233
6620,0.50184274
6621,0.5007186
6622,0.49989593
6623,0.4986732
6624,0.4916528
6625,0.49371076
6626,0.5002235
6627,0.49995625
6628,0.49571094
6629,0.48989052
6630,0.4886456
6631,0.48888242
6632,0.4886658
6633,0.48638988
6634,0.48888195
6635,0.49009773
6636,0.48629782
6637,0.47483367
6638,0.4720119
6639,0.47704202
6640,0.47755963
6641,0.4738517
6642,0.48007828
6643,0.4821856
6644,0.4838993
6645,0.4863618
6646,0.4907068
6647,0.49074614
6648,0.48780125
6649,0.48200774
6650,0.4780773
6651,0.47522622
6652,0.47163564
6653,0.46505886
6654,0.46105283
6655,0.46390074
6656,0.46609813
6657,0.4585892
6658,0.45127994
6659,0.44975585
6660,0.44214278
6661,0.44518322
6662,0.44393122
6663,0.4351205
6664,0.43140346
6665,0.43561134
6666,0.42733333
6667,0.41975364
6668,0.42179665
6669,0.4161515
6670,0.41969645
6671,0.4243556
6672,0.4228072
6673,0.42621714
6674,0.42269897
6675,0.41608948
6676,0.4148397
6677,0.41523874
6678,0.42143792
6679,0.4213272
6680,0.4151619
6681,0.42085314
6682,0.4206982
6683,0.4148826
6684,0.40973088
6685,0.40540144
6686,0.40189862
6687,0.40187278
6688,0.4005084
6689,0.4045667
6690,0.39861476
6691,0.40006363
6692,0.40055466
6693,0.39631122
6694,0.39044392
6695,0.38369876
6696,0.38167477
6697,0.38019854
6698,0.38521925
6699,0.38753006
6700,0.39323938
6701,0.3954071
6702,0.39971778
6703,0.39973277
6704,0.3999893
6705,0.4029444
6706,0.40634146
6707,0.408067
6708,0.4022026
6709,0.4061034
6710,0.41030708
6711,0.41092074
6712,0.41436684
6713,0.40717304
6714,0.4022009
6715,0.40510225
6716,0.40767685
6717,0.42069876
6718,0.42491907
6719,0.42928806
6720,0.42866838
6721,0.42161006
6722,0.41273838
6723,0.4086368
6724,0.4087509
6725,0.4113989
6726,0.4065677
6727,0.406381
6728,0.40198952
6729,0.40169638
6730,0.402585
6731,0.40422118
6732,0.39248806
6733,0.38710013
6734,0.37840283
6735,0.3774668
6736,0.38837636
6737,0.39952362
6738,0.40889704
6739,0.409496
6740,0.409066
6741,0.39775324
6742,0.40678617
6743,0.4186113
6744,0.42727065
6745,0.4276675
6746,0.42642593
6747,0.42395514
6748,0.42397854
6749,0.4257457
6750,0.42639145
6751,0.4358729
6752,0.44306207
6753,0.44207665
6754,0.44422778
6755,0.43802458
6756,0.43460754
6757,0.43446538
6758,0.43733892
6759,0.43603694
6760,0.43484873
6761,0.43089095
6762,0.4371152
6763,0.43917024
6764,0.44161355
6765,0.44237882
6766,0.454604
6767,0.4583656
6768,0.4584877
6769,0.4609357
6770,0.463746
6771,0.46226674
6772,0.4698165
6773,0.47139177
6774,0.4682787
6775,0.46886617
6776,0.4662346
6777,0.47328147
6778,0.47164446
6779,0.4724652
6780,0.46081525
6781,0.4575262
6782,0.4525215
6783,0.4542145
6784,0.45758933
6785,0.45701247
6786,0.45629352
6787,0.46128008
6788,0.46018362
6789,0.4546522
6790,0.45081663
6791,0.45228094
6792,0.44991374
6793,0.45035797
6794,0.45937154
6795,0.46854743
6796,0.46963507
6797,0.4626342
6798,0.45942187
6799,0.4542672
6800,0.45477724
6801,0.45462018
6802,0.45457453
6803,0.4530043
6804,0.4561463
6805,0.45721585
6806,0.4590952
6807,0.46251136
6808,0.45773232
6809,0.45712125
6810,0.45112407
6811,0.44871375
6812,0.44858116
6813,0.44634616
6814,0.4500357
6815,0.45012262
6816,0.4509975
6817,0.44759357
6818,0.45265442
6819,0.4541577
6820,0.45553356
6821,0.45831186
6822,0.4602222
6823,0.45929587
6824,0.45855796
6825,0.45741063
6826,0.46217695
6827,0.461939
6828,0.46008638
6829,0.4600566
6830,0.45939663
6831,0.4602786
6832,0.45822358
6833,0.4561277
6834,0.45991066
6835,0.46336126
6836,0.46522605
6837,0.46577644
6838,0.46639347
6839,0.4712231
6840,0.47585166
6841,0.47679758
6842,0.47781497
6843,0.47826356
6844,0.4776363
6845,0.47194684
6846,0.4719473
6847,0.48232758
6848,0.48327306
6849,0.4844702
6850,0.4839494
6851,0.48503453
6852,0.49087304
6853,0.49270403
6854,0.49465257
6855,0.49379063
6856,0.49238124
6857,0.4913088
6858,0.49285042
6859,0.49233443
6860,0.49446207
6861,0.49371123
6862,0.49282205
6863,0.4945048
6864,0.49707383
6865,0.49574643
6866,0.49429765
6867,0.4913231
6868,0.4829715
6869,0.4762485
6870,0.4635019
6871,0.4671173
6872,0.4670874
6873,0.4656622
6874,0.47119218
6875,0.4690032
6876,0.47409993
6877,0.47791517
6878,0.47654107
6879,0.47247428
6880,0.4699601
6881,0.4737661
6882,0.47249758
6883,0.46668756
6884,0.4713289
6885,0.47502008
6886,0.46615925
6887,0.46961218
6888,0.47407347
6889,0.47357082
6890,0.47547454
6891,0.48234403
6892,0.48155135
6893,0.48230058
6894,0.4911003
6895,0.4904567
6896,0.48932552
6897,0.4876864
6898,0.4931562
6899,0.4930731
6900,0.48887396
6901,0.48097026
6902,0.48271894
6903,0.4809588
6904,0.47984678
6905,0.4726647
6906,0.46550518
6907,0.4606678
6908,0.46052808
6909,0.46556613
6910,0.46149325
6911,0.45829898
6912,0.455805
6913,0.4550151
6914,0.45795926
6915,0.4684304
6916,0.47175387
6917,0.46782595
6918,0.4656645
6919,0.46277818
6920,0.45683116
6921,0.4559151
6922,0.4596523
6923,0.46482676
6924,0.47554272
6925,0.48162276
6926,0.48178133
6927,0.47900227
6928,0.48386756
6929,0.48389256
6930,0.4833767
6931,0.4882475
6932,0.48789048
6933,0.48920882
6934,0.49138796
6935,0.49096885
6936,0.4897706
6937,0.48626634
6938,0.4861163
6939,0.49012184
6940,0.48963386
6941,0.49093136
6942,0.4886955
6943,0.48629802
6944,0.48569506
6945,0.48126385
6946,0.47738472
6947,0.48023272
6948,0.48647097
6949,0.48535693
6950,0.48464268
6951,0.48024902
6952,0.4779222
6953,0.4803794
6954,0.47841138
6955,0.47521794
6956,0.47631606
6957,0.47523737
6958,0.46993065
6959,0.46995053
6960,0.46819523
6961,0.46782982
6962,0.47020608
6963,0.47242826
6964,0.46988553
6965,0.45903963
6966,0.45244575
6967,0.44638473
6968,0.44710657
6969,0.4543774
6970,0.45688516
6971,0.4547598
6972,0.4592111
6973,0.45955616
6974,0.45518672
6975,0.4626498
6976,0.45966208
6977,0.46427464
6978,0.46527112
6979,0.46468532
6980,0.46575838
6981,0.45917118
6982,0.45791554
6983,0.45573986
6984,0.45589593
6985,0.46131226
6986,0.46214175
6987,0.46301687
6988,0.46708906
6989,0.47239435
6990,0.47681624
6991,0.48028073
6992,0.4817173
6993,0.48485684
6994,0.4846264
6995,0.4883947
6996,0.49048784
6997,0.49039778
6998,0.48912153
6999,0.4904412
7000,0.49432653
7001,0.49754885
7002,0.49756342
7003,0.49892288
7004,0.5003112
7005,0.49872497
7006,0.501344
7007,0.49592632
7008,0.48899722
7009,0.4859771
7010,0.49163097
7011,0.49523443
7012,0.4946602
7013,0.48495394
7014,0.4828316
7015,0.48379043
7016,0.4789958
7017,0.48298705
7018,0.48462194
7019,0.48665756
7020,0.48922884
7021,0.4935795
7022,0.49369192
7023,0.4997307
7024,0.5037564
7025,0.50634617
7026,0.5074172
7027,0.5096644
7028,0.5098448
7029,0.5124026
7030,0.5162735
7031,0.51776254
7032,0.5157388
7033,0.517329
7034,0.520435
7035,0.5222099
7036,0.52094126
7037,0.5190542
7038,0.52429986
7039,0.5257968
7040,0.52412325
7041,0.5282496
7042,0.52770877
7043,0.5252825
7044,0.52909046
7045,0.53806907
7046,0.5402717
7047,0.5416689
7048,0.54584664
7049,0.54938805
7050,0.5515332
7051,0.55500984
7052,0.55699605
7053,0.5564604
7054,0.5495115
7055,0.5512617
7056,0.5479252
7057,0.5444293
7058,0.54837424
7059,0.5460958
7060,0.55044323
7061,0.5487107
7062,0.54970753
7063,0.5469703
7064,0.5479558
7065,0.54458266
7066,0.5441734
7067,0.5456285
7068,0.54296875
7069,0.5412316
7070,0.54207844
7071,0.54182476
7072,0.54500365
7073,0.5400232
7074,0.5364016
7075,0.53705335
7076,0.5401408
7077,0.54127157
7078,0.5424347
7079,0.5460831
7080,0.5487124
7081,0.54842216
7082,0.5449275
7083,0.53900343
7084,0.5353888
7085,0.52924764
7086,0.52832514
7087,0.5314001
7088,0.53036207
7089,0.5272277
7090,0.5233441
7091,0.52254796
7092,0.5281895
7093,0.5263293
7094,0.5295657
7095,0.53656423
7096,0.5407288
7097,0.5440529
7098,0.54688513
7099,0.5503756
7100,0.5511091
7101,0.5517713
7102,0.54610157
7103,0.54630387
7104,0.5496607
7105,0.56115776
7106,0.5662249
7107,0.5665405
7108,0.56857526
7109,0.57167816
7110,0.57290447
7111,0.5784712
7112,0.57691073
7113,0.5770546
7114,0.57655007
7115,0.57288045
7116,0.5692809
7117,0.5671154
7118,0.55296254
7119,0.5460504
7120,0.5490417
7121,0.5504774
7122,0.55340374
7123,0.55233145
7124,0.5449403
7125,0.54441947
7126,0.5450802
7127,0.55231255
7128,0.5577756
7129,0.5555825
7130,0.55907476
7131,0.5592945
7132,0.56005955
7133,0.56141716
7134,0.56116277
7135,0.55830646
7136,0.5581225
7137,0.5583805
7138,0.5587971
7139,0.56340456
7140,0.56614405
7141,0.5660409
7142,0.56375176
7143,0.5614116
7144,0.55224013
7145,0.55955243
7146,0.56427747
7147,0.56868804
7148,0.5643124
7149,0.5645504
7150,0.5633336
7151,0.5597207
7152,0.55455434
7153,0.5484087
7154,0.55318433
7155,0.5570323
7156,0.5594672
7157,0.5594157
7158,0.55837536
7159,0.5529654
7160,0.55471444
7161,0.5606152
7162,0.56403047
7163,0.56954324
7164,0.5709914
7165,0.5758395
7166,0.57568735
7167,0.5812267
7168,0.58567524
7169,0.5839402
7170,0.5789311
7171,0.5780635
7172,0.5723028
7173,0.5664034
7174,0.56455564
7175,0.56108207
7176,0.5665536
7177,0.5685339
7178,0.57442856
7179,0.5750067
7180,0.5765624
7181,0.5709955
7182,0.57047296
7183,0.5754938
7184,0.5764495
7185,0.57728684
7186,0.577483
7187,0.5776802
7188,0.57519305
7189,0.5813283
7190,0.5785699
7191,0.5811515
7192,0.58226687
7193,0.58354867
7194,0.57450974
7195,0.5770099
7196,0.5753664
7197,0.576267
7198,0.57927656
7199,0.57947844
7200,0.58097774
7201,0.586024
7202,0.5879793
7203,0.59001875
7204,0.58952224
7205,0.5918333
7206,0.59329385
7207,0.591712
7208,0.5906309
7209,0.59491014
7210,0.60275376
7211,0.60802007
7212,0.60867906
7213,0.6058606
7214,0.6058191
7215,0.6066795
7216,0.6028904
7217,0.6041361
7218,0.6062834
7219,0.6095917
7220,0.6089767
7221,0.607538
7222,0.6067575
7223,0.6013454
7224,0.6012175
7225,0.59998417
7226,0.59846306
7227,0.6013385
7228,0.60214937
7229,0.6051634
7230,0.6026435
7231,0.5977109
7232,0.58925116
7233,0.5897802
7234,0.5818186
7235,0.58064383
7236,0.5828109
7237,0.5784491
7238,0.5848616
7239,0.5812943
7240,0.58018315
7241,0.57815504
7242,0.5840275
7243,0.5854913
7244,0.5934428
7245,0.5958674
7246,0.5961348
7247,0.5969316
7248,0.5984036
7249,0.5900544
7250,0.58132553
7251,0.57884216
7252,0.57305086
7253,0.5680331
7254,0.5608193
7255,0.5603868
7256,0.5636027
7257,0.5661182
7258,0.5689678
7259,0.56916094
7260,0.566501
7261,0.57080925
7262,0.57284105
7263,0.57459927
7264,0.57994914
7265,0.5788591
7266,0.5857967
7267,0.592117
7268,0.59380233
7269,0.58982897
7270,0.5892881
7271,0.58974856
7272,0.59019387
7273,0.5952372
7274,0.6041822
7275,0.60771024
7276,0.60673726
7277,0.6008511
7278,0.59920204
7279,0.59684503
7280,0.5965581
7281,0.5946945
7282,0.59278476
